time,-p1,-p10,-p11,-p12,-p13,-p14,-p15,-p16,-p17,-p18,-p19,-p2,-p20,-p3,-p4,-p5,-p6,-p7,-p8,-p9,p0,p1,p2,p3,p4,p5,p6,p7,p8,p9,p99
0,862.1144965048,862.77351594884,861.90195069403,863.2671574775,860.96800503582,864.94262180292,858.01065418806,870.13565885124,848.90708161599,886.08583542084,820.96607770066,782.51195230177,802.24471556279,792.94301247689,795.72156865504,798.29880785476,789.28300087855,808.52517578444,770.97244127841,842.61272031386,706.7867529643,639.97560610611,669.12605231549,659.00406278604,656.5673209018,673.12029932161,631.87083011852,724.18243021409,521.8054084433,963.60223693869,0
10,862.41942344145,862.41941694521,862.41942478551,862.41942006654,862.41935181655,862.42024399827,862.41079475447,862.50789457209,861.51510664789,871.65707779332,768.06548501545,764.07794032881,757.00264085886,746.14921522533,730.45685411096,708.39252578494,677.80064270975,635.69194410903,577.9532430221,498.94172179483,390.94112303761,376.35185478351,357.44409218849,333.93205755017,305.45822449931,271.59007418376,231.81405316599,185.52420034727,132.02185164259,70.485097536137,0
20,862.41942068976,862.41941890865,862.41943335504,862.41930608909,862.4204006951,862.41131693958,862.482684941,861.97244250559,864.95022238997,857.35085784066,701.93882886129,695.77334546845,683.0027261754,663.08580007208,635.16051389132,598.06560149187,550.38023012863,490.50045525162,416.78098570801,327.78527098496,222.70848285884,210.12378021225,195.02890713334,177.48270474778,157.57694449112,135.44316182478,111.26124183971,85.269987201132,57.779947754374,29.188846796952,0
30,862.41941766839,862.41943138191,862.41933812368,862.4200140655,862.41545421452,862.44280352563,862.31164907278,862.62964447165,864.79126791102,838.78303000299,620.36249030063,612.49671229631,596.64080010648,572.50528531459,539.6970714672,497.76477236613,446.26719122078,384.86734121783,313.45309341587,232.28143763,142.13458903688,132.1010629653,120.89092103399,108.56296381351,95.196134577142,80.889302053292,65.760736155812,49.94713759244,33.602045212326,16.893400975329,0
40,862.41943263167,862.41937957172,862.41965968177,862.41817174634,862.42445285382,862.41083183185,862.33937201112,863.20590747047,862.22884405165,812.56350290842,537.65852532061,529.05677853757,512.47957060103,487.86283155206,455.16823823839,414.41687336905,365.73387179809,309.40167246012,245.91786881318,176.05158908194,100.89008050625,92.83872735116,84.194997261667,74.99767086082,65.294030898859,55.139382167829,44.596391658298,33.734247356094,22.627638219254,11.35556475393,0
50,862.41939226398,862.41948970781,862.41918030421,862.41973710458,862.42315032329,862.38591290371,862.49072891556,863.40376851532,856.62967312162,780.11237051964,461.57530058293,452.89022993872,436.93998968781,413.78725194887,383.57589838924,346.5480774625,303.06481542228,253.62788551059,198.89995781342,139.71948060664,77.10642282811,70.529122593403,63.614972338399,56.390110237124,48.884335006002,41.130841966555,33.165889456159,25.028400546627,16.759506788525,8.4020425116898,0
60,862.41944299603,862.41940822314,862.41921780154,862.4210328862,862.4150305284,862.39321179558,862.68614155915,862.8752631665,847.67594935611,744.0630920376,394.93509294143,386.51653313187,371.77386653537,350.82368822159,323.87800837573,291.25053131246,253.36319075684,210.75161694525,164.06799889221,114.07973129679,61.662345558511,56.211538654556,50.544410050029,44.67981127088,38.638301518983,32.44200822691,26.114460075599,19.680394988726,13.165546214253,6.5964101452766,0
70,862.41944425635,862.41933754867,862.4196578214,862.42027315192,862.40797591235,862.43748372515,862.81842484984,861.27505149459,835.6022115501,706.74994469896,337.98709505904,329.99279221184,316.61592127361,297.9873432969,274.32919228355,245.95572543752,213.27323266241,176.77838724727,137.05437644344,94.764189855013,50.640575293074,46.077082167989,41.360396829862,36.504890871991,31.525820936429,26.439248646841,21.261949041023,16.011308640095,10.705214512034,5.3619358814359,0
80,862.41939556481,862.41939125242,862.41994168923,862.4178373989,862.40894238555,862.5072214533,862.7478943377,858.37589783563,820.96960633188,669.83035902287,289.89855711313,282.38174845205,270.33232888839,253.87709772926,233.2234806028,208.65807363474,180.54394293808,149.31643808487,115.47728629422,79.586782135484,42.253976249176,38.404787368066,34.439589533606,30.369747693992,26.207142899622,21.96412130405,17.653438041277,13.288196513926,8.8817837137881,4.4478022721131,0
90,862.41936955666,862.41951729909,862.41969312386,862.41536761073,862.42210733382,862.57202724337,862.32965484689,854.09827882936,804.44030765388,634.34138064702,249.50409540078,242.46571261481,231.62773203793,217.10570828736,199.08393042185,177.81319367254,153.60736138289,126.83865043632,97.93159373847,67.355670981168,35.616652915424,32.350602593179,28.992993948908,25.55301655412,22.040196559148,18.46436109894,14.835600223361,11.1642266244,7.4607334686366,3.7357506745363,0
100,862.4194075205,862.41959478067,862.41890838654,862.41506261396,862.4464892756,862.58555196716,861.44073628006,848.48498872344,786.64330805436,600.86189232871,215.63234326706,209.04896687892,199.28476922601,186.44210447245,170.68097210598,152.21669310162,131.31652008567,108.29518768454,83.509429970473,57.351519419847,30.241915112874,27.456145823358,24.596349631928,21.670056176383,18.685035014774,15.649269066555,12.570926731212,9.458332838188,6.3199385975395,3.1642907342116,0
110,862.419489285,862.41951929655,862.41799016153,862.41876706446,862.47440209652,862.49296114601,859.99460528547,841.65958005703,768.115490916,569.66373590848,187.2278032179,181.065928702,172.24042732689,160.8407470872,147.00433061491,130.91446274399,112.79721551375,92.917523189006,71.574437962196,49.095637262077,25.831275338234,23.443361350841,20.994752029061,18.491666959437,15.940507500247,13.347836091143,10.720354773204,8.0648830161072,5.3883349563046,2.697696156275,0
120,862.41954863452,862.41926876106,862.41763248651,862.42696808606,862.49158713985,862.23902484508,857.94393536804,833.78860145677,749.28682672778,540.8243818101,163.38275632953,157.60589289841,149.59586669718,139.43037231701,127.22695139944,113.14109589104,97.363600211911,80.117201398274,61.65256131134,42.243660324582,22.182687040065,20.125690982742,18.018511864105,15.866314243046,13.674405699947,11.44822029443,9.1933015002373,6.9152846839599,4.6198791979081,2.3128501604951,0
130,862.41951217914,862.41893944067,862.41855779513,862.43803518365,862.47872112033,861.77438293847,855.27627137438,825.05384421318,730.48681296818,514.30370154867,143.33320723892,137.90532888248,130.60207218686,121.49077101829,110.67182166826,98.27704968233,84.467456186042,69.430381353578,53.376134952432,36.534155772291,19.148772881771,17.367888120058,15.54528796374,13.685277089317,11.792275235971,9.8708037770786,7.9254719161302,5.9609625563713,3.982017895433,1.9934247978827,0
140,862.41934642011,862.41873541663,862.42118046562,862.44790020215,862.41357251082,861.05928633652,852.00668815071,815.63442016125,711.95902649803,489.99405290297,126.44252230938,121.32967367011,114.63884099789,106.42836963915,96.784051297918,85.817733270533,73.665416390606,60.484875205948,46.452843903106,31.761820873495,16.616553339435,15.066669338634,13.481975854715,11.866071619218,10.222649138962,8.5554836963436,6.868422064472,5.1653709752542,3.4502853797053,1.7271565408008,0
150,862.41909376576,862.41890876236,862.4252941401,862.45017459443,862.27317201178,860.06510819255,848.17001778438,805.69644612391,693.87724990983,467.75218130688,112.18251163546,107.35347721267,101.19385159434,93.754243929422,85.108071083514,75.350379361615,64.596245098502,52.978782944052,40.64679879989,27.762131865151,14.496736945293,13.140589813452,11.755307411678,10.343906192984,8.9094796289182,7.4551891486925,5.9842548542228,4.4999460413253,3.0055715581185,1.5044700323604,0
160,862.41888079019,862.4196649141,862.42985393766,862.43658344379,862.03562052781,858.77426127979,843.81393191208,795.38796308426,676.36033445804,447.41919744779,100.11564159604,95.542137764823,89.844080334504,83.065445753642,75.269188135408,66.536243093909,56.964184486601,46.665558451446,35.765925748054,24.401649464866,12.71747050246,11.524195061291,10.306468611684,9.0668257645221,7.8078646960082,6.5322396558281,5.2426532955779,3.9418488418535,2.6326021389882,1.3177135869115,0
170,862.41889210943,862.42105584887,862.43288272052,862.39756625325,861.68138958175,857.17914999316,838.99334884236,784.8371893181,659.48482758986,428.83286459098,89.879529826338,85.536155444392,80.240056133953,74.029531062844,66.958692864344,59.096625845984,50.526257811174,41.342965967892,31.652942800785,21.571352696214,11.220314426103,10.164289290884,9.0876928245393,7.9926599136262,6.8813780827745,5.7560812831046,4.6190435347357,3.4725724432607,2.3190026105054,1.1606889602638,0
180,862.41931367092,862.42288159571,862.43149493482,862.32291607057,861.19411784754,855.28064579795,833.76619849883,774.15275702426,643.29524851476,411.83495781424,81.173869154087,77.037938098707,72.092792264795,66.371873168882,59.921819100096,52.801753485541,45.082336652146,36.844598112119,28.17857091738,19.181753633266,9.957428987569,9.0173447531573,8.0599104916012,7.0869287978644,6.1002459668002,5.1017468316105,4.0933494829932,3.0769998852639,2.0546664060844,1.0283342767219,0
190,862.42025666484,862.42461416866,862.42201140082,862.20236893036,860.5609822177,853.08641811691,828.19038320211,763.42503663062,627.81224150582,396.27547409178,73.749566216812,69.800887582805,65.163037701116,59.865300131719,53.947988724103,47.461845450905,40.467242501538,33.033202945359,25.236257891705,17.159161349754,8.8894868537627,8.04758886376,7.1910210676091,6.3213093110847,5.4400157957492,4.5487347816421,3.649088191957,2.7427211331011,1.831297343809,0.91649458721813,0
200,862.42167589841,862.42535078059,862.40013180969,862.02609488198,859.77274645082,850.60932248692,822.32171020695,752.72798218475,613.03894246777,382.01483674772,67.399781415209,63.620422814758,59.252467683249,54.321637399249,48.862887627868,42.919898137763,36.544400462594,29.795355358168,22.737994978169,15.44274737596,7.9840632820499,7.2255333537107,6.4545678061265,5.6724615904044,4.8805399604014,4.0801548885314,3.2726814008021,2.4595138421281,1.642062083194,0.82174768032806,0
210,862.42329469654,862.42379674893,862.36113331953,861.78507153223,858.82358669997,847.86595340982,816.21257393094,742.12115356172,598.96589477853,368.92483118758,61.952557722361,58.32661076005,54.196469910814,49.58480103727,44.52201348128,39.045827166341,33.200705183574,27.037161848164,20.610958655937,13.982202775323,7.2143646324288,6.5268145615978,5.828694534857,5.1211065369732,4.4051778548972,3.6820580831953,2.9529160627595,2.2189367619307,1.4813181093466,0.74126778798628,0
220,862.42454560307,862.41827518312,862.30007070795,861.47134152206,857.71077815278,844.8754081299,809.91119554115,731.65171663658,585.57481208951,356.8887498721,57.264761456359,53.778119360468,49.858235383688,45.525150575055,40.805410371343,35.731696663254,30.342348122936,24.680777144438,18.794793760391,12.735848712986,6.5582094386129,5.9312650385911,5.295311291874,4.6512886411988,4.0001586925471,3.3429017089351,2.680514048986,2.014005557844,1.3443969181414,0.67271696885667,0
230,862.42453157971,862.40675788815,862.21196056575,861.07816605197,856.43430730578,841.65826933854,803.4612633337,721.35631339076,572.84143580138,345.80105692914,53.217100137602,49.857252385976,46.123913181205,42.034864924311,37.613363175929,32.887823368989,27.891414579602,22.661567346651,17.239404190063,11.669102973741,5.9972045612076,5.4221633667606,4.8394205039555,4.2497809487346,3.6540674088304,3.0531182226766,2.4477852125431,1.8389314981644,1.2274292772562,0.61415757941781,0
240,862.42200923416,862.38691167048,862.09193942145,860.60009210723,854.99645679728,838.23579420267,796.90185250351,711.26275061028,560.73768783033,335.56677493144,49.710023080063,46.46586890726,42.898632965794,39.024150450987,34.862870351674,30.439588173693,25.783101253071,20.925792517345,15.903149923078,10.753230032543,5.5160752676516,4.9856243767555,4.4485694652669,3.9056017101981,3.3574271711299,2.8047650256853,2.2483457669941,1.6889093683602,1.1272034204398,0.56398124632548,0
250,862.41539280081,862.35615437175,861.93539116825,860.03295209591,853.40139456272,834.62928672788,790.26753256284,701.39148942188,549.23327794048,326.10072537923,46.660345111378,43.522026097759,40.103235673952,36.418126918451,32.484749605667,28.324821711098,23.963436356368,19.428709108875,14.75137168403,9.9643191188142,5.1021183730458,4.6101015070751,4.1124036110916,3.6096200937699,3.1023588771678,2.5912389121969,2.0768886624924,1.5599445610128,1.0410494437864,0.52085096528944,0
260,862.40277580943,862.31171564215,861.73804312945,859.37381344475,851.65478732359,830.85962669228,783.58859466091,691.7569372862,538.29689079709,317.32670762224,43.998462909643,40.957213911601,37.671582844529,34.154266513839,30.421259234741,26.491657065006,22.387408121883,18.13301311201,13.755181141226,9.282446715856,4.7447545818,4.2859795102562,3.822300955003,3.3542335808998,2.8823025934057,2.4070424873139,1.9289957691742,1.448711657011,0.96674476101443,0.48365374894017,0
270,862.38196665644,862.25069856971,861.4960328655,858.6208936117,849.76344996067,826.94692859569,776.89134996178,682.36855476914,527.89705064419,309.17667010947,41.666057529856,38.714074711705,35.548339479532,32.180284984986,28.624140542829,24.896763518011,21.017426124966,17.007560612004,12.890467081578,8.6909888973189,4.4351612370075,4.0052403630122,3.5710722669627,3.1331034066775,2.6917891356001,2.2475926461302,1.8009838910161,1.3524384858173,0.90243659550482,0.45146180831364,0
280,862.35053391339,862.17013909349,861.20594915274,857.7734531673,847.73503609432,822.9103059522,770.19846434587,673.2317943555,518.0027396307,301.58990706066,39.614196110743,36.744520610842,33.687144858754,30.45240283852,27.053004629396,23.503891692874,19.822054401754,16.026314737341,12.137077725502,8.1760557630115,4.1659704912238,3.7611887216966,3.3527147140917,2.9409371945348,2.5262524112481,2.109063240444,1.6897782739007,1.2688108907351,0.8465783159317,0.42350066822961,0
290,862.30585755377,862.06706113888,860.86485134718,856.8316770895,845.57777122899,818.76771931603,763.52930548845,664.34889052885,508.5838288605,294.51230006129,37.801761771871,35.008177467144,32.049101708888,28.933909967454,25.674001339824,22.282673665671,18.774966979184,15.167477764726,11.478147020603,7.7260256176049,3.9310208583342,3.5482259551958,3.1622091093311,2.773310080252,2.3818750010968,1.9882556205152,1.5928085292375,1.1958943734316,0.79787705698791,0.39912293490854,0
300,862.24518264956,861.93852605328,860.47027133037,855.79655190931,843.30022708676,814.53588950726,756.90028610803,655.71952016622,499.61136777952,287.89561488088,36.194153552368,33.471097413517,30.601526875224,27.593979347244,24.45871968453,21.207632132462,17.85408567949,14.412774901909,10.899538832366,7.3311607849684,3.7251524175756,3.3616638962208,2.9953528107578,2.6265172985239,2.2554609088406,1.8824919588227,1.5079228763634,1.132069532058,0.75525056185823,0.37778668227903,0
310,862.16567279849,861.78167563075,860.02020208591,854.66974438945,840.91113429541,810.23026069515,750.32519298853,647.34135129507,491.05776720683,281.69685796618,34.762208857998,32.10469246833,29.316917129622,26.406685508706,23.383278458514,20.25736126974,17.040867555492,13.746862533391,10.389387841323,6.9832903570656,3.5440377819977,3.1975711302051,2.8486218230647,2.4974525387183,2.1443305609279,1.7895272304601,1.4333173857179,1.0759787940981,0.71779157557772,0.35903762005641,0
320,862.06446113953,861.59376844603,859.51307647417,853.45348568227,838.41922973437,805.8650007692,743.81549543589,639.21049660409,482.89690318195,275.87769318783,33.48130941872,30.884850338392,28.172092152626,25.350191555224,22.427573328288,19.41384877647,16.319715319341,13.156838737658,9.9377198789336,6.6755479062728,3.3840424163696,3.0526459829052,2.7190568586863,2.3835074419291,2.0462340593153,1.7074764976773,1.3674775266545,1.0264824135625,0.6847384317373,0.34249436363728,0
330,861.93869737637,861.37220952846,858.947739211,852.15046352007,835.83313447606,801.45302884784,737.38062968674,631.3218862489,475.10416247187,270.40391698527,32.330638722267,29.791200501074,27.147483564786,24.406075041214,21.574652771307,18.661914136115,15.677488985947,12.631837941985,9.5361375989163,6.402154389424,3.2421090735778,2.9241114462951,2.6041690850212,2.2824884672914,1.9592794295956,1.6347547666351,1.3091298229849,0.98262207820865,0.65545072648584,0.32783625183177,0
340,861.78558981021,861.11457370356,858.32341457161,850.76372399058,833.1612583058,797.00606191877,731.02825784764,623.66957272303,467.65644574891,265.24498868598,31.292564643694,28.806504407896,26.226544514758,23.558768415853,20.810200276211,17.988742683537,15.103100921747,12.162694888899,9.1775599561826,6.1582382588102,3.1156620777572,2.8096281556519,2.5018620685094,2.192548048038,1.8818732051764,1.5700271862972,1.2572018230162,0.94359077648515,0.62938917706395,0.3147932602811,0
350,861.60244180644,860.81862307001,857.63967181458,849.296583635,830.41172697364,792.53467432849,724.76450128439,616.24697881609,460.53214064344,260.37361198404,30.352125636361,27.916148293354,25.395258869654,22.795094072742,20.122104254042,17.383498724295,14.587179694555,11.741665763011,8.8560060494412,5.9396862417052,3.0025279587974,2.7072222375903,2.4103670611283,2.1121275182736,1.8126711723726,1.5121677655335,1.2107889175088,0.90870781992467,0.60609892661239,0.30313764080876,0
360,861.38668249126,860.48231919231,856.89638988489,847.75255204073,827.59232865003,788.04836528699,718.5941492899,609.04709811666,453.71107395844,255.76536324217,29.496602684219,27.107720899725,24.64173279187,22.103877617449,19.500100438437,16.837003964086,14.121790746154,11.36219651362,8.5664155846066,5.7430194291191,2.9008695746445,2.6152254238372,2.3281892911711,2.0399097472036,1.7505374949204,1.4602251146637,1.1691268045012,0.87739811666337,0.58519569068743,0.29267698391508,0
370,861.13589172706,860.10383061612,856.09372254717,846.13526466952,824.71047639449,783.5556306949,712.52084439548,602.0626560871,447.17445004454,251.39836220681,28.715162329312,26.370661533737,23.955854517368,21.475625857025,18.935474244828,16.341469942422,13.700204038752,11.018730183779,8.3044995981214,5.5652902727437,2.8091313713629,2.5322252929622,2.2540633398403,1.9747797880236,1.6945107563907,1.4133939860349,1.1315686157667,0.84917495428831,0.56635424958096,0.28324845605242,0
380,860.84781958776,859.68153629686,855.23206474981,844.44842535905,821.77318379286,779.06403650393,706.5472459825,595.28623847209,440.90478055582,247.25298082296,27.998558637423,25.695966410516,23.329010627177,20.902258377513,18.420812755902,15.890275151598,13.316700561534,10.70654650224,8.0666162043415,5.4039968689704,2.7259938487538,2.4570238825741,2.1869160266334,1.915792150071,1.6437757192906,1.3709916065436,1.0975658952386,0.82362568243017,0.54929887894241,0.27471400759495,0
390,860.52040079184,859.21402561758,854.31202085843,842.69575786193,818.78705138398,774.58029165957,700.67517410307,588.71039282883,434.88580955677,243.31158617157,27.33888415741,25.075943421847,22.753849229287,20.376883600052,17.94979788101,15.477779213437,12.96641104889,10.421628208507,7.8496670713669,5.2570115580316,2.6503356450296,2.3886032288488,2.1258355085078,1.8621435516175,1.5976398143833,1.3324379750316,1.066652764456,0.80039979446589,0.53379538402686,0.26695638388876,0
400,860.15176448032,858.70009548232,853.33437503278,840.88096553418,815.75826168421,770.11031909803,694.90573530018,582.32770788745,429.10243675863,239.55831368152,26.729361534479,24.504007063346,22.224082025575,19.893611692151,17.517033623167,15.099167752123,12.645181382427,10.160549523268,7.6510110672491,5.122521379926,2.5812019307511,2.3260966422984,2.0700455242478,1.8131502106607,1.5555135465466,1.2972394424546,1.0384327266962,0.77919899552845,0.51964446162752,0.25987580118973,0
410,859.74023995122,858.13874510762,852.3000640392,839.00769842522,812.69258111091,765.65932389886,689.23943235901,576.13087484218,423.54064104693,235.97886727285,26.164169015901,23.974506822107,21.734318761577,19.447398157159,17.117901723551,14.750322790004,12.349460164863,9.9203830104354,7.4683921604713,4.9989783698568,2.5177780356019,2.2687647407014,2.0188839055099,1.7682288986218,1.5168941480421,1.2649750138422,1.0125676587974,0.75976891728316,0.50667616271443,0.25338717381393,0
420,859.28435879619,857.52916890417,851.21015248896,837.07952684251,809.59536720707,761.2318578601,683.67625965448,570.1127338254,418.18740567726,232.560343224,25.638294112359,23.48258334596,21.279928551036,19.033912875168,16.748440844331,14.427714315982,12.076204690729,9.6986217008875,7.2998791490889,4.8850580184454,2.4593674166744,2.215975428783,1.9717846275951,1.7268811157548,1.4813519257793,1.2352849081683,0.98876861778774,0.74189219876664,0.49474526814731,0.24741779853586,0
430,858.78285400352,856.87074791544,850.06581052996,835.09992062027,806.47157994357,756.83188015266,678.2157857712,564.26630837914,413.03064618191,229.29107500418,25.147410759491,23.02404778776,20.856923608307,18.649430355846,16.4052453604,14.128309481841,11.822802224598,9.4931139094461,7.1438152244848,4.7796245182226,2.4053732335397,2.1671871564831,1.9282628005083,1.6886798594709,1.4485188461279,1.2078609934957,0.96678815472951,0.7253827017287,0.48372742267543,0.24190541871634,0
440,858.234656562,856.16304022234,848.86829395085,833.0722333642,803.32579608602,752.46281390139,672.85722493666,558.58483025896,408.05914167857,226.1604966051,24.687776111328,22.595280498902,20.461861679988,18.290737684339,16.085380499916,13.849496489902,11.587004032393,9.302008623598,6.9987757236595,4.6817016588151,2.3552829239299,2.1219349045724,1.8879021057638,1.653258549329,1.4180789807148,1.1824387817306,0.94641388202051,0.71008066944165,0.47351589952622,0.23679660420876,0
450,857.63888993723,855.40577054472,847.61892648515,830.9996908741,800.16222567097,748.12759855724,667.59949854349,553.06175637793,403.26246988503,223.15902205108,24.256143658095,22.193145803536,20.091764010611,17.955057161475,15.786311062124,13.589020685305,11.366870011997,9.1237096811558,6.8635326903791,4.5904484195785,2.308655274913,2.0798184385155,1.850344267246,1.6203017456628,1.3897604999486,1.1587907204553,0.92746308315683,0.69584867016084,0.46401888943262,0.23204539388626,0
460,856.99486291426,854.59881938638,846.31908423999,828.8853831744,796.98472995871,743.82873819223,662.44128806561,547.69077953002,398.63094611396,220.27793919271,23.849690045757,21.814920262288,19.744046332615,17.639981257734,15.505841505436,13.344930858507,11.160722181032,8.9568372863677,6.7370251180911,4.5051384801042,2.2651095738849,2.0404924525485,1.8152802169647,1.5895373626504,1.3633289560101,1.1367205653448,0.90977819091944,0.68256819421827,0.45515722652054,0.22761215693105,0
470,856.30206117154,853.74221194223,844.97018207363,826.73225956345,793.79684027994,739.56834583713,657.38108045713,542.46583416802,394.1555662975,217.50931603103,23.465953349497,21.458232206064,19.416460732417,17.343417846045,15.242065524528,13.11553406889,10.967105557453,8.8001956511407,6.6183339347597,4.4251429999963,2.2243164944509,2.0036582903932,1.7824426744524,1.5607301277789,1.3385816412365,1.1160586537378,0.89322298976458,0.67013679618621,0.44686247849107,0.22346263654579,0
480,855.56013789816,852.83610693851,843.57366173248,824.54312614924,790.60177729953,735.34818402211,652.41720699309,537.38109827261,389.82795398247,214.84591801914,23.102780924664,21.121010688229,19.107046601332,17.063544017176,14.993323548138,12.899357580164,10.784755210232,8.6527457482598,6.5066609451743,4.3499161269367,2.1859904299239,1.9690569815131,1.7515999056762,1.5336760812535,1.3153428437597,1.096657930076,0.87767942243605,0.65846569180319,0.43907534073876,0.21956714586159,0
490,854.76890375338,851.88078557263,842.13098158933,822.32064543205,787.40247034616,731.16970174241,647.5478764276,532.43099218684,385.64031119698,212.28113500564,22.758285296379,20.801442337413,18.814089203726,16.798767088409,14.758166873072,12.695116751244,10.612568473807,8.5135823409358,6.4013110826396,4.2789827855203,2.1498830363946,1.9364633764976,1.7225504673625,1.5081979441695,1.2934598526662,1.0783905993904,0.8630449012791,0.64747773474887,0.43174428433375,0.2158998909677,0
500,853.92831642351,850.87664068579,840.64360782712,820.06733754997,784.2015765342,727.03406808494,642.77120323915,527.61017512854,381.58537303863,209.8089166466,22.430806801389,20.497934842598,18.536084636085,16.547691644356,14.535327360355,12.501687916764,10.449581487779,8.3819145933878,6.3016774313117,4.2119283750693,2.1157777877328,1.9056812019151,1.6951187756108,1.4841412133551,1.2727995900614,1.061145306069,0.84923004165678,0.63710571109494,0.42482441631215,0.2124384002525,0
510,853.03846997377,849.82416625555,839.11300690217,817.78558283814,781.00149945073,722.94220274019,638.08523162032,522.91353994183,377.65636578609,207.42371523938,22.1188818949,20.209085999267,18.271710142236,16.309091631493,14.323691790543,12.318085446963,10.294949359305,8.2570496805865,6.2072285687728,4.1483900659003,2.0834853776983,1.8765388848403,1.6691513644799,1.4613708644535,1.2532457678477,1.0448247522696,0.83615674864767,0.62729089963126,0.41827651765274,0.20916304271903,0
520,852.09958418027,848.72394729503,837.54063915327,815.47762542317,777.80440725757,718.8948036458,633.48795580721,518.33620656259,373.84696833991,205.12043508337,21.821216231257,19.933657438941,18.019798936962,16.081886704404,14.1222801367,12.143442319634,10.14792936796,8.1383789156558,6.1174978556361,4.0880494364724,2.0528398322731,1.848886022626,1.6445137229598,1.4397685648438,1.2346964843082,1.0293436848172,0.8237565998318,0.61798185501936,0.41206623016851,0.20605662086674,0
530,851.11199396682,847.57665019636,835.92795340527,813.14557758923,774.61225007366,714.89237197355,628.97733724021,513.87351455331,370.15127676184,202.89438755617,21.536661750978,19.670552286684,17.779318808824,15.865122134603,13.930227119289,11.976993634623,10.007866720608,8.0253659878413,6.0320743575211,4.0306262347564,2.0236952174393,1.8225903936402,1.6210876168507,1.4192303139975,1.2170621894041,1.0146271910221,0.81196947630122,0.60913337775014,0.40616336823736,0.20310402608397,0
540,850.07613906813,846.38301356454,834.27638245254,810.79142471542,771.42677656403,710.93523468767,624.55131900617,509.52101501385,366.56377170529,200.74125121933,21.264197151837,19.418796134382,17.549353911565,15.657951723886,13.74676652775,11.818062607178,9.8741824525441,7.9175369757766,5.9505951394442,3.9758730843981,1.9959228470553,1.7975354223001,1.5987688178276,1.3996644427331,1.2002639596504,1.0006092538573,0.80074240206358,0.60070564092635,0.40054133533579,0.20029194651805,0
550,848.99255403602,845.14383959271,832.58733933819,808.4170306376,768.24954971018,707.02356490989,620.20783797259,505.2744621324,363.07928855239,198.6570363741,21.002911236332,19.177520830524,17.329089262255,15.459623266431,13.571217887103,11.666048660083,9.7463631438039,7.8144718607934,5.8727387189494,3.9235709879919,1.9694089121631,1.7736180268735,1.5774651755251,1.3809899147732,1.1842320337168,0.98723152554888,0.79002855892538,0.59266344909265,0.39517662881299,0.19760861912801,0
560,847.86185860832,843.85998594308,830.86221428078,806.02414324206,765.08196168419,703.15740023889,615.94483489758,501.12980451598,359.69299000517,196.63805348584,20.751988652399,18.945950611729,17.117797488809,15.269466128677,13.402975074049,11.520417263932,9.6239521512438,7.7157972950737,5.7982194897743,3.8735254986421,1.9440524640564,1.7507467886396,1.5570949776529,1.3631348821709,1.1689045670065,0.97444228461934,0.77978644877443,0.58497560798746,0.39004841879042,0.19504361885369,0
570,846.68474851898,842.53235816493,829.10237218762,803.61440020074,761.92524784459,699.33665923497,611.76026283087,497.0831764754,356.40034096355,194.68088504213,20.51069768143,18.723390236276,16.914827499381,15.086880637323,13.241496595466,11.380691264286,9.5065421259647,7.621180431735,5.7267829657063,3.8255634556808,1.9197636955748,1.728840391909,1.5375855528386,1.3460354546485,1.1542265707256,0.96219554747757,0.76997918002947,0.57761438773022,0.38513818949974,0.19258767904833,0
580,845.46198680321,841.16190266424,827.30915069437,801.18933477094,758.78049987659,695.56115625803,607.65209407275,493.13088939704,353.19708552449,192.78236045778,20.278379775224,18.509214826683,16.719594791414,14.911329009073,13.086297283734,11.24644347524,9.3937686244104,7.5303236576011,5.6582017209828,3.7795301990239,1.8964624749899,1.7078262933948,1.5188720789532,1.3296346499847,1.1401490070714,0.95045031077138,0.76057385913381,0.57055506504507,0.3804294334323,0.19023253835316,0
590,844.1943955672,839.7496001622,825.48385860835,798.75038152993,755.64867803962,691.83061476257,603.61832585193,489.26942323541,350.07922587728,190.93953361665,20.054440535974,18.302861121186,16.531573111522,14.742327550292,12.936941159865,11.117290320267,9.285304628275,7.4429600786642,5.5922719129466,3.735287184439,1.8740770920471,1.6876395842961,1.5008965641515,1.3138814966253,1.1266280157161,0.93916990372885,0.75154107041908,0.56377553198411,0.37590738992786,0.18797080982357,0
600,842.88284829634,838.29645969027,823.62777475666,796.2988820462,752.53062260818,688.14467925532,599.65698496905,485.49541825357,347.04300299551,189.14966280421,19.838341971073,18.10381996927,16.35028730745,14.579439976164,12.793035323684,10.992886388256,9.1808558520061,7.3588496540894,5.5288103043307,3.6927099417002,1.852543184647,1.668222016359,1.4836069747933,1.2987302656864,1.1136242518486,0.92832143392794,0.74285443101506,0.55725596111238,0.37155882148881,0.18579586894336,0
610,841.52826264523,836.80351304381,821.74214712542,793.8360903808,749.4270644765,684.50292598713,595.76613150432,481.80566699881,344.08487891707,187.41019269612,19.629595786074,17.911629839192,16.175307149043,14.42227163988,12.654224680415,10.872919739888,9.0801567018557,7.2777758699376,5.4676517030163,3.6516863201152,1.8318028174968,1.6495211659644,1.4669564870557,1.2841398119617,1.1011023182271,0.91787531181454,0.73449020902547,0.55097851829864,0.36737182190614,0.18370175756716,0
620,840.13159375317,835.27180972131,819.82819229095,791.36317843108,746.33863500907,680.90487254665,591.9438617733,478.19710659427,341.20152052134,185.71873821395,19.427757600153,17.725871224393,16.006242009484,14.270464568917,12.520187407127,10.757107872788,8.9829668014569,7.199542879146,5.4086467608368,3.6121149803549,1.8118036904229,1.6314897159027,1.4509028439499,1.2700730077765,1.089030277274,0.90780484225092,0.72642699554301,0.5449271160114,0.36333565144904,0.18168310141285,0
630,838.69382805576,833.70241230735,817.88709508229,788.88124107153,743.26587515495,677.3499864452,588.18831062805,474.66681134843,338.38978465712,184.07307001791,19.232421933166,17.54616180096,15.842736264679,14.123693174714,12.390631036829,10.645194238833,8.8890679949025,7.1239730358332,5.3516600766535,3.5739040952689,1.7924984568276,1.6140848371354,1.4354078019008,1.2564962557406,1.0773792311948,0.89808587302915,0.71864542241958,0.53908720103808,0.35944059505408,0.17973503906893,0
640,837.21597755247,832.09639224932,815.9200084135,786.39130104764,740.20924383878,673.83769276581,584.49765317786,471.21198566909,335.64670447819,182.47110142598,19.043217832747,17.372152207447,15.684465287364,13.981660519997,12.265289054408,10.536945219999,8.7982617475305,7.0509047588811,5.2965685540712,3.5369702259747,1.7738441348336,1.5972676547409,1.4204366527666,1.2433790679815,1.0661229594332,0.88869649141407,0.71112791862376,0.53344557124077,0.355677839918,0.1778531607176,0
650,835.69907458048,830.4548260715,813.92805332232,783.89431367912,737.16912573593,670.36738103375,580.87010608281,467.82995735486,332.96947694656,180.9108766677,18.859805102097,17.203522408838,15.531131999162,13.844095108366,12.143917969771,10.432147526378,8.7103669068241,6.9801906900557,5.2432599848671,3.5012373521093,1.7558015990545,1.5810027869658,1.4059578112783,1.2306937029635,1.0552376057377,0.87961676221039,0.70385849993626,0.52799021738429,0.35203936983823,0.1760334552414,0
660,834.14416700048,828.77879192776,811.91231911427,781.39117129182,734.14583839741,666.93841131554,577.30392841957,464.51817118986,330.3554513316,179.39056025335,18.68187098423,17.039978503316,15.382463844915,13.71074806927,12.02629475398,10.330605921353,8.625217749579,6.9116960903842,5.1916318172319,3.4666360295164,1.7383351398506,1.5652579455816,1.3919424574233,1.2184148507279,1.0447014069933,0.87082850081583,0.69682258675372,0.52271018611601,0.34851787368822,0.17427226440754,0
670,832.55231381613,827.06936651163,809.87386363213,778.88270741965,731.13963880697,663.55011966305,573.79742222509,461.27418288042,327.8021186578,177.90842737774,18.509127273648,16.881249943931,15.238210162912,13.581390713532,11.912214614431,10.232141247362,8.5426622860609,6.8452974472056,5.141590085797,3.4331026586666,1.7214120806944,1.5500035889574,1.3783642260239,1.2065193596919,1.0344944578689,0.86231507625921,0.69000684597157,0.51759546105756,0.34510666599236,0.17256624310934,0
680,830.92458118932,825.32762228507,807.81371361589,776.36970076281,728.15072939364,660.20182295405,570.34893275704,458.09565331138,325.30710200448,176.46285523298,18.341307783092,16.727087104312,15.098139882689,13.455812394825,11.801489049489,10.136588701019,8.4625607798659,6.7808812593069,5.093048479001,3.4005788473326,1.70500244513,1.5352126201424,1.3651989366229,1.1949859989476,1.0245985060657,0.8540612398617,0.68339905344541,0.51263685937779,0.34179961784444,0.17091232478653,0
690,829.26203883766,823.55462501215,805.73286514539,773.85287891582,725.17926354651,656.89282319846,566.95684852604,454.98034312147,322.86814759185,175.05231514225,18.178166124173,16.577259148411,14.962039512394,13.333818641764,11.693944150633,10.043796328261,8.3847844566259,6.7183429771807,5.0459275256794,3.3690108548692,1.6890786665165,1.5208601237547,1.3524243581051,1.1837952511408,1.0149967739174,0.84605297595661,0.67698797416398,0.50782594168683,0.33859109672458,0.16930769129978,0
700,827.56575679509,821.75143157977,803.63228415554,771.33292187587,722.22535067151,653.62241136915,563.6196011434,451.92610759074,320.48311659001,173.67536543286,18.019473762229,16.431552165652,14.829711378647,13.215229525679,11.589419119734,9.9536237105989,8.3092143768531,6.657586078106,5.0001538852285,3.3383491073297,1.6736153348472,1.5069231364899,1.3400200034049,1.1729291318329,1.005673802806,0.83827737170477,0.67076325775328,0.50315493346087,0.33547591401887,0.16774974666152,0
710,825.8368024723,819.91908804385,801.51290697108,768.81046529871,719.28906078411,650.3898707654,560.3356649772,448.93089178712,318.14997754846,172.33064493056,17.865018277312,16.289767504902,14.700972055151,13.099878204552,11.487764947814,9.8659407972008,8.2357404369893,6.5985212483371,4.9556597211132,3.3085477702146,1.65858897422,1.4933804454921,1.3279669491976,1.162371030891,0.99661531658492,0.83072250283694,0.66471534677923,0.49861665609867,0.33244927897563,0.16623609398959,0
720,824.07623805295,818.05862793935,799.37564090899,766.28610356976,716.37042872913,647.19448001231,557.10355670411,445.9927260177,315.86679944793,171.01686706891,17.714601850438,16.151720326435,14.575650998634,12.987609660197,11.38884326937,9.7806268902816,8.1642604989278,6.5410656690463,4.912382153143,3.2795643746042,1.6439778479216,1.4802124117209,1.3162476779289,1.1521055735172,0.98780810190409,0.8233773335321,0.65883539639269,0.49420446650492,0.329506758356,0.16476451531107,0
730,822.28511817369,816.17107080494,797.22136490947,763.76039266972,713.46945802781,644.03551570544,553.92183475102,443.10972154091,313.63174529364,169.73281452234,17.568039920882,16.017238318777,14.453589341126,12.878279581028,11.292525349664,9.6975697496977,8.0946796232878,6.4851423881394,4.8702627759986,3.2513594887011,1.6297617873078,1.4674008148987,1.3048459391553,1.1421184982748,0.97923990317961,0.81623162855105,0.6531152038127,0.48991220407201,0.32664424102618,0.1633329538396,0
740,820.46448784765,814.25742088517,795.05093016858,761.23385282571,710.58612436227,640.91225471781,550.78909862804,440.2800665069,311.44306618387,168.47733429002,17.425159978045,15.886160544947,14.334638804745,12.771753358899,11.198691176346,9.6166647914634,8.026909385017,6.4306797607712,4.8292472311929,3.2238964263183,1.6159220403363,1.4549287163229,1.2937466269053,1.1323965492401,0.97089932975065,0.80927587558287,0.64754714601694,0.48573414383856,0.3238579066775,0.1619394983198,0
750,818.6153806524,812.3186660343,792.86516080736,758.70697099946,707.72037876535,637.8239762427,547.70398821175,437.50202215383,309.29909585246,167.24933322637,17.285800503702,15.758336433883,14.218660754317,12.667905214248,11.10722866752,9.5378143876783,7.9608672736163,6.3776109579623,4.7892848305868,3.1971409902187,1.6024411380537,1.4427803379195,1.2829356715458,1.1229273809027,0.96277577400429,0.80250121676083,0.64212412478739,0.48166495517616,0.32114419823798,0.16058236921916,0
760,816.7388171427,810.35577678571,790.6648545516,756.18020320254,704.8721505209,634.76996358105,544.6651829732,434.77391922647,307.19824562631,166.04777395496,17.149810028348,15.633624881501,14.10552535358,12.56661741729,11.018032967061,9.4609272444608,7.8964761612967,6.325873531437,4.7503282232594,3.1710612451438,1.589302776612,1.4309409553765,1.2723999442461,1.1136994741479,0.95485933904705,0.79589938816657,0.63683951816802,0.47769966529758,0.31849979750366,0.15925990653139,0
770,814.83580344448,808.36970554669,788.45078339231,753.65397662352,702.04134977276,631.74950567469,541.6714011381,432.09415457873,305.13899973751,164.871671102,17.017046269116,15.511893429805,13.995110795131,12.467779578049,10.931005803507,9.385917837912,7.8336638225697,6.275409021722,4.7123330962221,3.1456273143594,1.5764917118797,1.4193968027368,1.2621271717243,1.1047020613154,0.94714077421036,0.78946266590161,0.6316871372017,0.47383362673898,0.31592160342667,0.15797055891047,0
780,812.90733007476,806.36138596679,786.22369428501,751.12869163928,699.22786992642,628.7618984708,538.72139885182,429.46118800995,303.11991101946,163.7200878808,16.887375387268,15.393017561407,13.887302639702,12.371288037515,10.84605493945,9.3127059270592,7.7723625164665,6.226162615654,4.675257911951,3.1208112007384,1.5639936664241,1.4081349881455,1.2521058609302,1.0959250599654,0.93961141803351,0.78318381840003,0.62666118766705,0.47006248859642,0.31340671290793,0.15671287405747,0
790,810.95437089894,804.33173239455,783.98430981223,748.60472364757,696.43158979125,625.80644606676,535.81396928591,426.8735392502,301.13959688616,162.59213292176,16.760671293772,15.27688003948,13.781993197941,12.27704529844,10.763093658259,9.241216103284,7.7125086037474,6.1780828346538,4.6390636706272,3.0965866253035,1.5517952460089,1.3971434182752,1.2423252315281,1.0873590135387,0.93226314720432,0.77705606373968,0.62175623583584,0.46638217079047,0.31095240361482,0.1554854901218,0
800,808.97788227663,802.28163947726,781.73332887309,746.08242479707,693.65237554876,622.88246172116,532.94794176031,424.32978515011,299.19673563387,161.48695739048,16.636815050139,15.163370339628,13.679080999301,12.184959536778,10.682040322971,9.1713774006231,7.65404221293,6.1311212611801,4.6037137006817,3.0729288845766,1.5398838655502,1.3864107312759,1.232775155971,1.0789950386689,0.92508833121043,0.77107303171924,0.61696717804785,0.46278884119654,0.30855611871036,0.15428712805844,0
810,806.97880232464,800.21198183531,779.47142734018,743.56212556625,690.89008250686,619.98926869075,530.12218083018,421.82855700666,297.29006298411,160.40375231038,16.515694307638,15.052384117915,13.578470294646,12.094944144391,10.602817964411,9.1031229344976,7.5969069335507,6.0852322890804,4.5691734684912,3.0498147214307,1.5282476824036,1.3759262364087,1.22344610558,1.0708247777996,0.91807979157439,0.76522872978039,0.61228921337839,0.45927889510453,0.30621545314029,0.15311658476567,0
820,804.95805032089,798.12361383816,777.19925871918,741.04413623705,688.14455669349,617.12620094624,527.33558537996,419.36853805198,295.41836888257,159.34174610712,16.397202810405,14.943822740258,13.480070616802,12.006917325301,10.525353917249,9.0363895812683,7.5410495427432,6.0403729003905,4.5354104079296,3.0272222092937,1.5168755364951,1.3656798598644,1.2143291021465,1.0628403566521,0.91123076526046,0.75951751241674,0.6077178191019,0.45584893677944,0.30392814132232,0.15197272692441,0
830,802.91652623936,796.01736947508,774.91745481208,738.52874827364,685.41563630679,614.29260378337,524.58708773148,416.94846109785,293.58049453641,158.30020235784,16.281239956288,14.837592867258,13.38379639346,11.920801740474,10.449579500116,8.9711176963616,7.4864197641318,5.9965024680813,4.5023937694511,3.0051306494331,1.5057568970605,1.3556620965427,1.2054156748397,1.055034346343,0.90453487207246,0.75393405391252,0.60324872882227,0.45249576302358,0.30169204617073,0.15085448550534,0
840,800.85511035383,793.89406226088,772.62662633177,736.01623556327,682.70315298444,611.48783429084,521.87565271889,414.56710627562,291.77532962089,157.27841767513,16.167710369235,14.733606049172,13.289566569028,11.836524160715,10.375429703633,8.907250841977,7.4329700382235,5.9535825701925,4.4700944790192,2.9835204756024,1.4948818136964,1.345863965802,1.1966978207163,1.0473997287073,0.89798608483877,0.74847332343151,0.59887791250076,0.44921634817235,0.29950514908156,0.149760850758,0
850,798.77466298817,791.75448525743,770.32736355544,733.50685561459,680.00693299347,608.71126177517,519.200276822,412.22329895168,290.00180972623,156.27571980194,16.056523551944,14.631778398674,13.197304300414,11.754015188022,10.302842939351,8.8447355644087,7.3806553301408,5.911576831599,4.4384850165867,2.9623731711229,1.4842408732471,1.3362769724115,1.1881679698157,1.0399298656068,0.89157870299402,0.74313056292362,0.59460155873047,0.44600783077041,0.29736554103583,0.14869086775807,0
860,796.67602430543,789.59941110536,768.02023691795,731.00085062233,677.3267982535,605.9622680543,516.55998726229,409.91590771194,288.25891393227,155.29146580127,15.94759353136,14.532030255544,13.106936644323,11.673208968873,10.231760782456,8.7835211702247,7.329432941652,5.8704507722344,4.4075393010822,2.9416711912281,1.4738251599928,1.3268930705677,1.1798189530513,1.032618470738,0.88530732834223,0.73790126687582,0.59041605850287,0.44286750137652,0.29527141445992,0.1476436323347,0
870,794.56001420854,787.4295921414,765.70579762638,728.49844848646,674.66256728636,603.24024771136,513.95384114559,407.64384249001,286.545662578,154.32504041329,15.840838564113,14.434285909388,13.018394299722,11.594042958629,10.162127759915,8.7235595390751,7.279262350319,5.8301716752181,4.377232589448,2.9213978943717,1.4636262200936,1.3177046317129,1.171643973462,1.0254595843675,0.87916684331957,0.73278116414048,0.58631799063297,0.43979279161057,0.29322105591328,0.14661828741132,0
880,792.4274322832,785.24576053379,763.38457823396,725.99986373038,672.01405604012,600.5446082553,511.38092459182,405.40605277033,284.86111515242,153.37585450453,15.736180845833,14.338473325282,12.931611352482,11.516457687756,10.093891140832,8.6648049410021,7.2301050555633,5.7907084622972,4.3475413821317,2.9015374783703,1.453636028835,1.3087044149302,1.1636365797943,1.0184475501367,0.87315239105295,0.7277662012751,0.58230410840337,0.4367812641204,0.29121283939171,0.14561401965484,0
890,790.27905782278,783.04862847794,761.05709322067,723.50529837137,669.38107864423,597.87477024369,508.84035190055,403.20152590751,283.20436834217,152.44334364838,15.633546262332,14.244523909798,12.846525058253,11.440396563366,10.02700075818,8.6072138793797,7.1819244442302,5.7520315839237,4.3184433390896,2.8820749233443,1.4438469611618,1.2998855402829,1.1557906426926,1.0115769941423,0.86725935736565,0.7228525275022,0.57837132750269,0.43383060351839,0.28924522027707,0.14463005644814,0
900,788.1156499007,780.8388884195,758.72383955253,721.01494272062,666.76344807601,595.23016734648,506.33126472577,401.02928552779,281.574554198,151.52696679852,15.532864155474,14.152372290727,12.763075637975,11.365805682339,9.9614088412693,8.5507449443831,7.134685666363,5.7141129182923,4.2899172029329,2.8629959396513,1.4342517648723,1.2912414645721,1.1481003330566,1.0048428059264,0.86148335442893,0.71803648104735,0.57451671507092,0.43093860815082,0.28731672984296,0.14366566314071,0
910,785.93794748544,778.61721330182,756.3852972209,718.52897611911,664.16097674762,592.61024635841,503.85283126215,398.88839000848,279.9708384116,150.62620504842,15.434067104044,14.061956110876,12.681206086444,11.292633656399,9.897069858974,8.4953586760319,7.0883555193735,5.6769256774343,4.261942727616,2.8442869196926,1.4248435359096,1.2827659590057,1.1405601021171,0.99824012098464,0.85582020572545,0.71331457657797,0.57073747963034,0.42810318253433,0.28542597020709,0.14272014052328,0
920,783.74666960695,776.38425684819,754.04192977649,716.04756762849,661.5734770348,590.01446718009,501.40424545798,396.77793104467,278.39241870847,149.74056048451,15.337090729756,13.973215845996,12.600862003657,11.220831458264,9.8339403818875,8.4410174431946,7.0429023448585,5.6404443230664,4.2345006142562,2.8259348943904,1.4156156959451,1.2744530889256,1.1331646633372,0.99176430486999,0.85026593237919,0.70868349378002,0.56703096192609,0.42532233047416,0.28357160973732,0.141792822529,0
930,781.54251554903,774.14065385496,751.69418483763,713.57087666071,659.00076173356,587.44230275234,498.98472623494,394.69703227789,276.83852332856,148.86955510487,15.24187350979,13.886094628544,12.521991431368,11.15035227248,9.771978948901,8.387685327387,6.9982959306198,5.6046444873123,4.2075724510107,2.8079274926007,1.4065619716045,1.2662971950368,1.1259089756685,0.9854109384954,0.84481674052358,0.70414006680715,0.56339462646962,0.42259414871253,0.28175237881307,0.14088307411283,0
940,779.32616509114,771.88702052036,749.34249460151,711.09905357868,656.4426444786,584.8932389767,496.59351674339,392.64484801059,275.3084096153,148.01272982678,15.148356617273,13.800538098367,12.444544715028,11.081151369544,9.7111459542069,8.3353280231653,6.9545074253575,5.5695029029246,4.1811406597467,2.7902529048872,1.3976763757659,1.258292876488,1.1187882284417,0.97917580485985,0.83946900988417,0.69968127473841,0.55982605388661,0.41991682117891,0.27996706598698,0.13999028933092,0
950,777.09827875899,769.62395476966,746.98727632185,708.63224023497,653.89894009255,582.36677458957,494.22988361687,390.62056196558,273.80136267032,147.1696435393,15.056483758555,13.716494249801,12.36847436209,11.013185976778,9.6514035321595,8.283912738373,6.911509255011,5.5349973358534,4.1551884450457,2.7728998491748,1.3889531900346,1.2504349750454,1.1117978272547,0.97305487666591,0.83421928313896,0.69530423269329,0.55632293379678,0.4172886136427,0.27821451441662,0.13911388955537,0
960,774.85949811688,767.35203661085,744.62893279027,706.17057048894,651.36946490759,579.86242103048,491.89311626288,388.62338612358,272.3166941039,146.33987223427,14.966201036894,13.633913304247,12.293734924349,10.946415171176,9.5927154611732,8.2334081094272,6.8692750501916,5.5011065259053,4.1296997488758,2.7558575399843,1.3803869488897,1.2427185607525,1.1049333811706,0.96704430507545,0.82906425624914,0.69100618375189,0.55288305833557,0.41470786884601,0.27649361861565,0.13825332184861,0
970,772.61044606549,765.0718284856,742.26785278887,703.71417067241,648.85403703112,577.37970227509,489.58252615721,386.65255960228,270.85374084334,145.5230081769,14.87745681389,13.552747580146,12.220282877557,10.880799769741,9.5350470658889,8.1837841165093,6.8277795750558,5.4678101294172,4.1046592072441,2.7391156592446,1.371972424799,1.2351389184905,1.098190690735,0.96114040919597,0.82400076942584,0.68678449141201,0.54950431610983,0.41217300196473,0.27480332142515,0.13740805744824,0
980,770.35172716804,762.78387563945,739.90441154024,701.26316003302,646.35247658553,574.91815466191,487.29744616775,384.70734759975,269.41186401957,144.71865913886,14.790201590095,13.472951381425,12.148076518495,10.816302235895,9.4783651334715,8.1350120100692,6.7869986645594,5.4350886680763,4.0800521111799,2.7226643298584,1.3637046146359,1.2276915356977,1.0915657370164,0.95533966645824,0.819025798858,0.68263663267853,0.54618468665805,0.409682496447,0.27314261123609,0.13657759037737,0
990,768.08392798918,760.48870649635,737.5389711425,698.81765114481,643.864605913,572.47732670239,485.037229895,382.78704038614,267.99044791483,143.92644767649,14.704387892182,13.394480892019,12.077075867601,10.75288659089,9.4226378344699,8.0870642417694,6.7469091660263,5.4029234815162,4.0558643707136,2.7064940913463,1.3555787271843,1.2203720910761,1.0850546715295,0.94963870376917,0.81413644910675,0.67856019170951,0.54292223535687,0.40723490018712,0.27151051943571,0.13576143616684,0
1000,765.80761743701,758.18683302912,735.17188098271,696.37775028181,641.39024974161,570.05677887,482.80125102205,380.89095233373,266.58889895991,143.14601044362,14.619970161323,13.317294071283,12.007242572273,10.690518325847,9.3678346444162,8.0399143965253,6.7074888821512,5.3712966814141,4.0320824802079,2.6905958765404,1.3475901712926,1.2131764439006,1.0786538067082,0.94403428915675,0.80932994592994,0.67455285382675,0.53971510862294,0.40482882192299,0.26990611800397,0.13495913065302,0
